"GEO_ID","NAME","B25077_001E","B25077_001M"
"id","Geographic Area Name","Estimate!!Median value (dollars)","Margin of Error!!Median value (dollars)"
"1600000US0600156","Acampo CDP, California","-","**"
"1600000US0600982","Alleghany CDP, California","-","**"
"1600000US0601094","Almanor CDP, California","-","**"
"1600000US0603026","Aspen Springs CDP, California","-","**"
"1600000US0603092","Atherton town, California","2,000,000+","***"
"1600000US0604576","Beale AFB CDP, California","-","**"
"1600000US0604632","Bear Creek CDP, California","-","**"
"1600000US0604856","Belden CDP, California","-","**"
"1600000US0605164","Belvedere city, California","2,000,000+","***"
"1600000US0606308","Beverly Hills city, California","2,000,000+","***"
"1600000US0606336","Bieber CDP, California","-","**"
"1600000US0606994","Blairsden CDP, California","-","**"
"1600000US0607750","Bowles CDP, California","-","**"
"1600000US0608716","Buck Meadows CDP, California","-","**"
"1600000US0608744","Bucks Lake CDP, California","-","**"
"1600000US0609318","Butte Meadows CDP, California","-","**"
"1600000US0609822","California Hot Springs CDP, California","-","**"
"1600000US0609990","Calpella CDP, California","-","**"
"1600000US0610004","Calpine CDP, California","-","**"
"1600000US0610494","Camp Nelson CDP, California","-","**"
"1600000US0610559","Camp Pendleton North CDP, California","-","**"
"1600000US0610561","Camp Pendleton South CDP, California","-","**"
"1600000US0610732","Canby CDP, California","-","**"
"1600000US0610914","Canyondam CDP, California","-","**"
"1600000US0611166","Caribou CDP, California","-","**"
"1600000US0611376","Carmet CDP, California","-","**"
"1600000US0611481","Carrick CDP, California","-","**"
"1600000US0611600","Cartago CDP, California","-","**"
"1600000US0611782","Cassel CDP, California","-","**"
"1600000US0612314","Cedar Slope CDP, California","-","**"
"1600000US0614008","Cleone CDP, California","-","**"
"1600000US0614106","Clio CDP, California","-","**"
"1600000US0614148","Clipper Mills CDP, California","-","**"
"1600000US0614454","Cold Springs CDP (Tuolumne County), California","-","**"
"1600000US0615030","Comptche CDP, California","-","**"
"1600000US0616714","Courtland CDP, California","-","**"
"1600000US0616762","Cowan CDP, California","-","**"
"1600000US0617232","Creston CDP, California","-","**"
"1600000US0617995","Daphnedale Park CDP, California","-","**"
"1600000US0618450","Delft Colony CDP, California","-","**"
"1600000US0618506","Del Mar city, California","2,000,000+","***"
"1600000US0619150","Diablo CDP, California","2,000,000+","***"
"1600000US0619976","Drytown CDP, California","-","**"
"1600000US0620424","Eagleville CDP, California","-","**"
"1600000US0621138","East Shore CDP, California","-","**"
"1600000US0621600","Edwards AFB CDP, California","-","**"
"1600000US0622146","Elmira CDP, California","-","**"
"1600000US0622286","El Nido CDP, California","-","**"
"1600000US0622360","El Rancho CDP, California","-","**"
"1600000US0623150","Fairbanks Ranch CDP, California","2,000,000+","***"
"1600000US0623532","Fall River Mills CDP, California","-","**"
"1600000US0623630","Farmington CDP, California","-","**"
"1600000US0623980","Fiddletown CDP, California","-","**"
"1600000US0624022","Fields Landing CDP, California","-","**"
"1600000US0624218","Fish Camp CDP, California","-","**"
"1600000US0624526","Floriston CDP, California","-","**"
"1600000US0625114","Fort Irwin CDP, California","-","**"
"1600000US0625590","Freeport CDP, California","-","**"
"1600000US0630339","Gold Mountain CDP, California","-","**"
"1600000US0630420","Goodyears Bar CDP, California","-","**"
"1600000US0630714","Graniteville CDP, California","-","**"
"1600000US0631134","Greenview CDP, California","-","**"
"1600000US0631288","Grimes CDP, California","-","**"
"1600000US0631540","Guinda CDP, California","-","**"
"1600000US0632156","Hardwick CDP, California","-","**"
"1600000US0632324","Hartland CDP, California","-","**"
"1600000US0633336","Herlong CDP, California","-","**"
"1600000US0633518","Hidden Hills city, California","2,000,000+","***"
"1600000US0633798","Hillsborough town, California","2,000,000+","***"
"1600000US0633935","Hiouchi CDP, California","-","**"
"1600000US0634405","Homewood Canyon CDP, California","-","**"
"1600000US0634708","Hornitos CDP, California","-","**"
"1600000US0636098","Hyampom CDP, California","-","**"
"1600000US0636168","Idlewild CDP, California","-","**"
"1600000US0636364","Indian Falls CDP, California","-","**"
"1600000US0636420","Indianola CDP, California","-","**"
"1600000US0636735","Iron Horse CDP, California","-","**"
"1600000US0637274","Jenner CDP, California","-","**"
"1600000US0637400","Johannesburg CDP, California","-","**"
"1600000US0637512","Johnsville CDP, California","-","**"
"1600000US0637904","Keddie CDP, California","-","**"
"1600000US0638076","Kennedy Meadows CDP, California","-","**"
"1600000US0638604","Kingvale CDP, California","-","**"
"1600000US0638646","Kirkwood CDP, California","-","**"
"1600000US0639094","Ladera CDP, California","2,000,000+","***"
"1600000US0639425","Lake Almanor West CDP, California","-","**"
"1600000US0639483","Lake Davis CDP, California","-","**"
"1600000US0640312","La Porte CDP, California","-","**"
"1600000US0640536","Las Flores CDP (Tehama County), California","-","**"
"1600000US0640872","La Vina CDP, California","-","**"
"1600000US0640956","Lebec CDP, California","-","**"
"1600000US0640998","Lee Vining CDP, California","-","**"
"1600000US0641166","Lemoore Station CDP, California","-","**"
"1600000US0641390","Likely CDP, California","-","**"
"1600000US0641740","Linnell Camp CDP, California","-","**"
"1600000US0641789","Little Grass Valley CDP, California","-","**"
"1600000US0641908","Little Valley CDP, California","-","**"
"1600000US0642384","Loma Mar CDP, California","-","**"
"1600000US0642622","Long Barn CDP, California","-","**"
"1600000US0643280","Los Altos city, California","2,000,000+","***"
"1600000US0643294","Los Altos Hills town, California","2,000,000+","***"
"1600000US0644378","Loyola CDP, California","2,000,000+","***"
"1600000US0644672","Mabie CDP, California","-","**"
"1600000US0644760","McClellan Park CDP, California","-","**"
"1600000US0644770","McClenney Tract CDP, California","-","**"
"1600000US0644812","Macdoel CDP, California","-","**"
"1600000US0644830","McGee Creek CDP, California","-","**"
"1600000US0645246","Malibu city, California","2,000,000+","***"
"1600000US0646100","Martell CDP, California","-","**"
"1600000US0646870","Menlo Park city, California","2,000,000+","***"
"1600000US0647472","Milford CDP, California","-","**"
"1600000US0648060","Miranda CDP, California","-","**"
"1600000US0648448","Mohawk Vista CDP, California","-","**"
"1600000US0648602","Mono City CDP, California","-","**"
"1600000US0648844","Montecito CDP, California","2,000,000+","***"
"1600000US0648916","Monterey Park Tract CDP, California","-","**"
"1600000US0648956","Monte Sereno city, California","2,000,000+","***"
"1600000US0649432","Moskowite Corner CDP, California","-","**"
"1600000US0649488","Moss Landing CDP, California","-","**"
"1600000US0649544","Mountain Center CDP, California","-","**"
"1600000US0649768","Mount Hebron CDP, California","-","**"
"1600000US0649810","Mount Laguna CDP, California","-","**"
"1600000US0650146","Myers Flat CDP, California","-","**"
"1600000US0651470","Nipinnawasee CDP, California","-","**"
"1600000US0652610","Nubieber CDP, California","-","**"
"1600000US0653196","Oakville CDP, California","-","**"
"1600000US0653378","Ocotillo CDP, California","-","**"
"1600000US0653602","Old Station CDP, California","-","**"
"1600000US0655044","Pajaro CDP, California","-","**"
"1600000US0655282","Palo Alto city, California","2,000,000+","***"
"1600000US0655422","Palo Verde CDP, California","-","**"
"1600000US0655506","Panorama Heights CDP, California","-","**"
"1600000US0656140","Patton Village CDP, California","-","**"
"1600000US0656182","Paxton CDP, California","-","**"
"1600000US0656294","Pearsonville CDP, California","-","**"
"1600000US0656854","Phillipsville CDP, California","-","**"
"1600000US0657011","Pierpoint CDP, California","-","**"
"1600000US0657036","Pike CDP, California","-","**"
"1600000US0657960","Point Reyes Station CDP, California","-","**"
"1600000US0658134","Ponderosa CDP, California","-","**"
"1600000US0658226","Port Costa CDP, California","-","**"
"1600000US0658380","Portola Valley town, California","2,000,000+","***"
"1600000US0658422","Posey CDP, California","-","**"
"1600000US0658436","Poso Park CDP, California","-","**"
"1600000US0658618","Prattville CDP, California","-","**"
"1600000US0659584","Rancho Santa Fe CDP, California","2,000,000+","***"
"1600000US0659668","Randsburg CDP, California","-","**"
"1600000US0659906","Redcrest CDP, California","-","**"
"1600000US0661012","Ripley CDP, California","-","**"
"1600000US0662200","Robinson Mill CDP, California","-","**"
"1600000US0662496","Rodriguez Camp CDP, California","-","**"
"1600000US0662602","Rolling Hills city, California","2,000,000+","***"
"1600000US0662980","Ross town, California","2,000,000+","***"
"1600000US0663400","Rutherford CDP, California","-","**"
"1600000US0664252","Salmon Creek CDP, California","-","**"
"1600000US0664392","Samoa CDP, California","-","**"
"1600000US0670280","Saratoga city, California","2,000,000+","***"
"1600000US0670336","Sattley CDP, California","-","**"
"1600000US0670518","Scotia CDP, California","-","**"
"1600000US0670966","Sequoia Crest CDP, California","-","**"
"1600000US0671000","Sereno del Mar CDP, California","-","**"
"1600000US0671680","Shoshone CDP, California","-","**"
"1600000US0671848","Sierraville CDP, California","-","**"
"1600000US0671932","Silver City CDP, California","-","**"
"1600000US0672492","Soda Springs CDP, California","-","**"
"1600000US0673654","Spring Garden CDP, California","-","**"
"1600000US0674144","Stevinson CDP, California","-","**"
"1600000US0674186","Stirling City CDP, California","-","**"
"1600000US0675168","Storrie CDP, California","-","**"
"1600000US0675322","Strawberry CDP (Tuolumne County), California","-","**"
"1600000US0675588","Sugarloaf Mountain Park CDP, California","-","**"
"1600000US0675592","Sugarloaf Saw Mill CDP, California","-","**"
"1600000US0675596","Sugarloaf Village CDP, California","-","**"
"1600000US0678008","Taylorsville CDP, California","-","**"
"1600000US0678176","Tennant CDP, California","-","**"
"1600000US0678652","Three Rocks CDP, California","-","**"
"1600000US0678666","Tiburon town, California","2,000,000+","***"
"1600000US0678792","Tobin CDP, California","-","**"
"1600000US0678932","Tonyville CDP, California","-","**"
"1600000US0678949","Tooleville CDP, California","-","**"
"1600000US0679030","Topaz CDP, California","-","**"
"1600000US0680515","Trona CDP, California","-","**"
"1600000US0680784","Tupman CDP, California","-","**"
"1600000US0680882","Tuttle CDP, California","-","**"
"1600000US0680952","Twain CDP, California","-","**"
"1600000US0681302","University of California-Davis CDP, California","-","**"
"1600000US0681312","University of California-Merced CDP, California","-","**"
"1600000US0681778","Valley Ford CDP, California","-","**"
"1600000US0681869","Valley Ranch CDP, California","-","**"
"1600000US0681925","Valley Wells CDP, California","-","**"
"1600000US0682072","Vandenberg AFB CDP, California","-","**"
"1600000US0682562","Victor CDP, California","-","**"
"1600000US0683094","Volcano CDP, California","-","**"
"1600000US0683108","Volta CDP, California","-","**"
"1600000US0683494","Warner Valley CDP, California","-","**"
"1600000US0683766","Wawona CDP, California","-","**"
"1600000US0684480","Westley CDP, California","-","**"
"1600000US0684536","West Menlo Park CDP, California","2,000,000+","***"
"1600000US0684863","Westside CDP, California","-","**"
"1600000US0685866","Wilsonia CDP, California","-","**"
"1600000US0686020","Winterhaven CDP, California","-","**"
"1600000US0686440","Woodside town, California","2,000,000+","***"
"1600000US0686734","Yettem CDP, California","-","**"
"1600000US0686912","Yosemite Valley CDP, California","-","**"
"1600000US0686804","Yolo CDP, California","179200","159816"
"1600000US0616651","Country Club CDP, California","204400","18959"
"1600000US0621061","East Richmond Heights CDP, California","544700","45505"
"1600000US0620270","Durham CDP, California","469400","55273"
"1600000US0651336","Nicolaus CDP, California","392900","208993"
"1600000US0627080","Fruitdale CDP, California","774300","116627"
"1600000US0660942","Rio Linda CDP, California","242100","8971"
"1600000US0673276","South San Gabriel CDP, California","486600","26679"
"1600000US0609360","Cabazon CDP, California","153500","52088"
"1600000US0657148","Pine Grove CDP, California","287800","32812"
"1600000US0684578","West Modesto CDP, California","134900","15091"
"1600000US0675672","Sultana CDP, California","105900","31916"
"1600000US0640746","Laton CDP, California","121000","17609"
"1600000US0686944","Yreka city, California","152400","10304"
"1600000US0614974","Commerce city, California","385100","16831"
"1600000US0666004","San Diego Country Estates CDP, California","470200","12573"
"1600000US0657204","Pine Hills CDP, California","317800","27638"
"1600000US0616322","Corning city, California","160700","11057"
"1600000US0602112","Angels city, California","306000","52095"
"1600000US0646632","Meadow Vista CDP, California","457400","44594"
"1600000US0683332","Walnut city, California","739100","16965"
"1600000US0644028","Los Banos city, California","265500","12487"
"1600000US0664294","Salton City CDP, California","125300","10814"
"1600000US0636770","Irvine city, California","797100","13140"
"1600000US0648354","Modesto city, California","265100","3647"
"1600000US0660242","Reedley city, California","187800","14678"
"1600000US0630410","Good Hope CDP, California","228600","33080"
"1600000US0651294","Nice CDP, California","146300","26073"
"1600000US0667126","San Joaquin city, California","153800","45288"
"1600000US0601290","Altadena CDP, California","692800","14695"
"1600000US0640438","Larkspur city, California","1264800","108951"
"1600000US0646114","Martinez city, California","557700","14117"
"1600000US0675994","Sunnyside CDP, California","291900","15685"
"1600000US0644910","McKinleyville CDP, California","292000","10784"
"1600000US0619318","Dinuba city, California","180500","9734"
"1600000US0677392","Sutter Creek city, California","349600","44524"
"1600000US0671806","Sierra Madre city, California","924400","31148"
"1600000US0602700","Armona CDP, California","137500","20391"
"1600000US0601164","Alpaugh CDP, California","77100","20131"
"1600000US0660620","Richmond city, California","422300","9657"
"1600000US0631029","Greenhorn CDP, California","218800","44196"
"1600000US0657540","Placerville city, California","333600","20219"
"1600000US0668434","San Simeon CDP, California","415400","162583"
"1600000US0606406","Big Bear City CDP, California","248800","15355"
"1600000US0655184","Palm Desert city, California","335400","10151"
"1600000US0659506","Rancho Murieta CDP, California","443500","20312"
"1600000US0601228","Alpine Village CDP, California","381300","117025"
"1600000US0672576","Solvang city, California","680200","44774"
"1600000US0678750","Tipton CDP, California","115600","19921"
"1600000US0646492","Maywood city, California","375600","13885"
"1600000US0675630","Suisun City city, California","333800","7189"
"1600000US0652764","Oakhurst CDP, California","229300","30460"
"1600000US0636658","Inyokern CDP, California","174400","90291"
"1600000US0644280","Lost Hills CDP, California","119300","24526"
"1600000US0686300","Woodlake city, California","154300","16663"
"1600000US0643252","Los Alamos CDP, California","470700","118028"
"1600000US0655751","Parksdale CDP, California","215800","19001"
"1600000US0684120","West Bishop CDP, California","440300","25799"
"1600000US0621964","Elizabeth Lake CDP, California","261100","33961"
"1600000US0645400","Manhattan Beach city, California","1947900","102230"
"1600000US0647192","Mexican Colony CDP, California","67000","37434"
"1600000US0619440","Dogtown CDP, California","517900","62066"
"1600000US0619878","Doyle CDP, California","133000","43065"
"1600000US0616090","Contra Costa Centre CDP, California","625400","56280"
"1600000US0678715","Timber Cove CDP, California","475000","339060"
"1600000US0650034","Murphys CDP, California","312100","40661"
"1600000US0646884","Mentone CDP, California","300100","19751"
"1600000US0608786","Buena Park city, California","540200","11717"
"1600000US0614904","Columbia CDP, California","250000","50749"
"1600000US0604198","Bass Lake CDP, California","684000","183809"
"1600000US0675714","Summerland CDP, California","1326900","635032"
"1600000US0618485","Delleker CDP, California","247100","61273"
"1600000US0611691","Casa de Oro-Mount Helix CDP, California","644600","9705"
"1600000US0645064","Madison CDP, California","208000","60416"
"1600000US0630882","Grayson CDP, California","223300","54429"
"1600000US0677805","Tamalpais-Homestead Valley CDP, California","1169800","48192"
"1600000US0639420","Lake Almanor Peninsula CDP, California","375000","138317"
"1600000US0670042","Santa Paula city, California","366300","14220"
"1600000US0639304","La Habra Heights city, California","960500","67724"
"1600000US0639114","Ladera Ranch CDP, California","818300","24125"
"1600000US0606798","Bishop city, California","302200","33732"
"1600000US0641124","Lemon Grove city, California","402000","12008"
"1600000US0608954","Burbank city, California","688500","10933"
"1600000US0652162","North Richmond CDP, California","314000","42082"
"1600000US0659550","Rancho San Diego CDP, California","586900","18626"
"1600000US0606070","Berry Creek CDP, California","166000","15477"
"1600000US0609892","Calistoga city, California","554600","67272"
"1600000US0612902","Cherryland CDP, California","428000","28187"
"1600000US0618856","Denair CDP, California","304600","36365"
"1600000US0682786","Vina CDP, California","138100","118838"
"1600000US0622370","El Rio CDP, California","420200","25971"
"1600000US0677364","Susanville city, California","166900","7544"
"1600000US0640508","La Selva Beach CDP, California","929900","56080"
"1600000US0600478","Ahwahnee CDP, California","307400","61129"
"1600000US0681792","Valley Home CDP, California","450000","65767"
"1600000US0642468","Lomita city, California","586200","20378"
"1600000US0613157","China Lake Acres CDP, California","128500","41541"
"1600000US0631596","Hacienda Heights CDP, California","570600","8543"
"1600000US0651820","North El Monte CDP, California","623500","16255"
"1600000US0602924","Arvin city, California","154600","6153"
"1600000US0641922","Live Oak CDP, California","668700","29466"
"1600000US0604996","Bell Gardens city, California","380100","20744"
"1600000US0600618","Alamo CDP, California","1606800","38462"
"1600000US0651890","North Gate CDP, California","1152800","381667"
"1600000US0680644","Tulare city, California","188900","5037"
"1600000US0649187","Moraga town, California","1093600","27155"
"1600000US0659892","Red Bluff city, California","160700","8273"
"1600000US0627000","Fresno city, California","224600","2550"
"1600000US0646226","Mather CDP, California","336500","17542"
"1600000US0648676","Monson CDP, California","197200","139919"
"1600000US0651476","Nipomo CDP, California","500000","32795"
"1600000US0639318","La Honda CDP, California","662800","75937"
"1600000US0630000","Glendale city, California","724800","14649"
"1600000US0660662","Richvale CDP, California","270800","98104"
"1600000US0652582","Novato city, California","732200","18721"
"1600000US0656938","Piedmont city, California","1844000","153056"
"1600000US0636280","Imperial city, California","226500","11567"
"1600000US0660606","Richgrove CDP, California","108500","8172"
"1600000US0641880","Littlerock CDP, California","222300","29739"
"1600000US0600450","Agua Dulce CDP, California","599700","42817"
"1600000US0633861","Hilmar-Irwin CDP, California","267600","21489"
"1600000US0631372","Groveland CDP, California","291100","126682"
"1600000US0619262","Dillon Beach CDP, California","983700","624638"
"1600000US0602210","Antelope CDP, California","299400","7711"
"1600000US0602364","Apple Valley town, California","237100","7168"
"1600000US0673178","South Oroville CDP, California","140400","19888"
"1600000US0630900","Greeley Hill CDP, California","259300","38420"
"1600000US0671106","Shafter city, California","170100","5564"
"1600000US0660279","Reliez Valley CDP, California","940900","41755"
"1600000US0662910","Rosemont CDP, California","270700","5937"
"1600000US0616728","Covelo CDP, California","221100","32490"
"1600000US0642580","Lone Pine CDP, California","250000","128153"
"1600000US0631568","Gustine city, California","195000","28537"
"1600000US0623196","Fairhaven CDP, California","250000","152039"
"1600000US0623462","Fallbrook CDP, California","499800","21048"
"1600000US0633532","Hidden Meadows CDP, California","558600","49754"
"1600000US0662364","Rocklin city, California","452100","7000"
"1600000US0650188","Myrtletown CDP, California","273100","15578"
"1600000US0672996","South El Monte city, California","428200","12215"
"1600000US0662854","Rosedale CDP, California","385800","15660"
"1600000US0685551","Wilkerson CDP, California","283600","31691"
"1600000US0646828","Mendota city, California","152200","8191"
"1600000US0606928","Blackhawk CDP, California","1267400","73319"
"1600000US0605346","Benton CDP, California","187500","171170"
"1600000US0612300","Cedar Ridge CDP, California","257700","20827"
"1600000US0621530","Edgewood CDP, California","171900","107614"
"1600000US0613882","Clayton city, California","710800","27079"
"1600000US0611530","Carson city, California","434000","5537"
"1600000US0672506","Solana Beach city, California","1137100","46057"
"1600000US0644924","McKittrick CDP, California","43800","18313"
"1600000US0633588","Highland city, California","309300","10794"
"1600000US0639444","Lake Arrowhead CDP, California","381900","28193"
"1600000US0641670","Linden CDP, California","359200","27311"
"1600000US0681134","Ukiah city, California","330300","17984"
"1600000US0624918","Forest Ranch CDP, California","285300","178980"
"1600000US0639045","La Crescenta-Montrose CDP, California","770900","36783"
"1600000US0669000","Santa Ana city, California","455300","5173"
"1600000US0612594","Chalfant CDP, California","283300","79515"
"1600000US0616532","Costa Mesa city, California","707600","12291"
"1600000US0672646","Sonoma city, California","728200","56325"
"1600000US0646702","Meiners Oaks CDP, California","609600","46518"
"1600000US0639108","Ladera Heights CDP, California","952000","51652"
"1600000US0624834","Foresthill CDP, California","349500","80076"
"1600000US0678456","Thermal CDP, California","119300","85212"
"1600000US0634316","Homeland CDP, California","119600","37020"
"1600000US0647430","Midway City CDP, California","498800","57722"
"1600000US0624477","Florence-Graham CDP, California","333300","10712"
"1600000US0604758","Beaumont city, California","296700","5227"
"1600000US0685922","Windsor town, California","563800","13467"
"1600000US0683612","Waterford city, California","223500","13694"
"1600000US0634694","Hornbrook CDP, California","95000","72826"
"1600000US0668000","San Jose city, California","793100","4672"
"1600000US0619990","Duarte city, California","455600","11100"
"1600000US0671778","Sierra City CDP, California","340000","109451"
"1600000US0613014","Chico city, California","305300","8048"
"1600000US0626000","Fremont city, California","863800","8535"
"1600000US0678596","Thousand Palms CDP, California","165400","16860"
"1600000US0657302","Pi�on Hills CDP, California","222300","32396"
"1600000US0607379","Bonadelle Ranchos-Madera Ranchos CDP, California","297500","16573"
"1600000US0655856","Parlier city, California","152400","12182"
"1600000US0607624","Bostonia CDP, California","334300","44171"
"1600000US0655604","Paradise Park CDP, California","294800","141887"
"1600000US0670182","Santa Ynez CDP, California","817600","49525"
"1600000US0685880","Wilton CDP, California","560100","48965"
"1600000US0619402","Dixon city, California","357800","8466"
"1600000US0617750","Cypress city, California","605600","8181"
"1600000US0603162","Atwater city, California","207800","9745"
"1600000US0660592","Richfield CDP, California","218300","37022"
"1600000US0670028","Santa Nella CDP, California","255800","47081"
"1600000US0602910","Artois CDP, California","173500","124295"
"1600000US0638702","Klamath CDP, California","112500","39087"
"1600000US0671834","Sierra Village CDP, California","328400","228595"
"1600000US0634904","Hughson city, California","318000","18717"
"1600000US0668378","San Ramon city, California","919700","12270"
"1600000US0668263","San Miguel CDP (Contra Costa County), California","1109300","48088"
"1600000US0684004","Weott CDP, California","313000","97773"
"1600000US0607596","Borrego Springs CDP, California","162800","63981"
"1600000US0633084","Heber CDP, California","165700","9846"
"1600000US0640116","Lanare CDP, California","162500","9453"
"1600000US0648998","Montgomery Creek CDP, California","311500","67250"
"1600000US0614764","Coloma CDP, California","452300","13550"
"1600000US0646436","Mayflower Village CDP, California","601000","19941"
"1600000US0622587","Emerald Lake Hills CDP, California","1723700","95388"
"1600000US0670140","Santa Susana CDP, California","546800","68890"
"1600000US0659500","Rancho Mirage city, California","499900","24695"
"1600000US0640704","Lathrop city, California","334600","9420"
"1600000US0618996","Desert Hot Springs city, California","174900","12617"
"1600000US0680483","Trinity Village CDP, California","277400","32972"
"1600000US0639570","Lake Isabella CDP, California","95000","29340"
"1600000US0631414","Guadalupe city, California","238200","12997"
"1600000US0650132","Muscoy CDP, California","236800","19822"
"1600000US0636546","Inglewood city, California","431400","9264"
"1600000US0653160","Oak Shores CDP, California","481100","61085"
"1600000US0653448","Oildale CDP, California","150200","11372"
"1600000US0649045","Monument Hills CDP, California","588700","91774"
"1600000US0600464","Aguanga CDP, California","214400","143409"
"1600000US0623812","Fellows CDP, California","95000","34972"
"1600000US0683304","Wallace CDP, California","335100","54740"
"1600000US0671134","Shandon CDP, California","275500","14512"
"1600000US0642524","Lompoc city, California","293800","8695"
"1600000US0657288","Pinole city, California","462000","13449"
"1600000US0667000","San Francisco city, California","1009500","12126"
"1600000US0657829","Plumas Lake CDP, California","295000","10999"
"1600000US0616224","Corcoran city, California","144600","19001"
"1600000US0656042","Paskenta CDP, California","65000","51127"
"1600000US0618100","Davis city, California","622900","10362"
"1600000US0671246","Shaver Lake CDP, California","473700","69185"
"1600000US0606616","Big Pine CDP, California","227900","30724"
"1600000US0602378","Aptos CDP, California","773100","55050"
"1600000US0608530","Brooktrails CDP, California","275000","17798"
"1600000US0611915","Castle Hill CDP, California","1205100","115746"
"1600000US0603386","Azusa city, California","390100","9184"
"1600000US0671876","Signal Hill city, California","487000","36834"
"1600000US0668224","San Marino city, California","1886000","109089"
"1600000US0639724","Lake San Marcos CDP, California","571700","48254"
"1600000US0658520","Poway city, California","658200","14371"
"1600000US0614946","Colusa city, California","233400","24752"
"1600000US0680854","Tustin city, California","618500","15084"
"1600000US0680588","Truckee town, California","541000","31303"
"1600000US0607274","Bodfish CDP, California","98300","26639"
"1600000US0612734","Charter Oak CDP, California","419500","16464"
"1600000US0625128","Fort Jones city, California","163800","18420"
"1600000US0621712","El Cajon city, California","430700","9592"
"1600000US0663050","Rossmoor CDP, California","926500","15973"
"1600000US0603792","Bangor CDP, California","307700","137088"
"1600000US0625576","Freedom CDP, California","481100","31495"
"1600000US0673696","Spring Valley CDP (San Diego County), California","435800","10250"
"1600000US0638352","Keswick CDP, California","184100","32225"
"1600000US0680448","Trinidad city, California","539100","121942"
"1600000US0686034","Winters city, California","358600","24973"
"1600000US0660466","Rialto city, California","285900","5312"
"1600000US0660088","Redway CDP, California","348900","129325"
"1600000US0620298","Dutch Flat CDP, California","216700","30450"
"1600000US0617708","Cutler CDP, California","99600","9213"
"1600000US0686594","Wrightwood CDP, California","314100","26528"
"1600000US0604470","Bayview CDP (Contra Costa County), California","404300","61406"
"1600000US0644784","McCloud CDP, California","168400","16384"
"1600000US0639598","Lakeland Village CDP, California","249700","25519"
"1600000US0656476","Penngrove CDP, California","762900","93956"
"1600000US0661026","Ripon city, California","428600","19031"
"1600000US0619766","Downey city, California","525500","12871"
"1600000US0633182","Hemet city, California","175700","10107"
"1600000US0618688","Del Rey Oaks city, California","577500","30797"
"1600000US0669196","Santa Maria city, California","325400","7426"
"1600000US0602028","Anchor Bay CDP, California","686800","106295"
"1600000US0673290","South San Jose Hills CDP, California","342600","9598"
"1600000US0651560","Norco city, California","495200","12338"
"1600000US0686930","Yountville city, California","507000","141109"
"1600000US0682744","Villa Park city, California","1156600","42859"
"1600000US0614484","Coleville CDP, California","156500","31903"
"1600000US0622006","Elk Creek CDP, California","132400","12579"
"1600000US0685208","Whitewater CDP, California","146700","29850"
"1600000US0607652","Boulder Creek CDP, California","549900","46711"
"1600000US0604478","Bayview CDP (Humboldt County), California","236100","43033"
"1600000US0630812","Graton CDP, California","595100","36518"
"1600000US0646520","Meadowbrook CDP, California","198700","25980"
"1600000US0645988","Markleeville CDP, California","264300","127587"
"1600000US0659604","Rancho Tehama Reserve CDP, California","86600","39014"
"1600000US0641278","Lewiston CDP, California","275800","73872"
"1600000US0602420","Arbuckle CDP, California","238300","26056"
"1600000US0670266","Saranap CDP, California","890700","46946"
"1600000US0639696","Lake of the Woods CDP, California","137500","93799"
"1600000US0607568","Boron CDP, California","64700","5222"
"1600000US0632408","Hat Creek CDP, California","215600","62860"
"1600000US0660214","Redwood Valley CDP, California","306400","62315"
"1600000US0672674","Sonora city, California","278900","14353"
"1600000US0628210","Garden Farms CDP, California","634400","123731"
"1600000US0637134","Janesville CDP, California","293200","47604"
"1600000US0612930","Chester CDP, California","183600","32658"
"1600000US0670644","Seacliff CDP, California","740400","62158"
"1600000US0628112","Galt city, California","297100","11330"
"1600000US0660928","Rio del Mar CDP, California","895600","21210"
"1600000US0628021","Furnace Creek CDP, California","12500","8165"
"1600000US0639766","Lakeside CDP, California","404200","16035"
"1600000US0686878","Yosemite Lakes CDP, California","266400","19504"
"1600000US0624134","Firebaugh city, California","160500","14766"
"1600000US0683794","Weaverville CDP, California","269900","32231"
"1600000US0649446","Moss Beach CDP, California","939600","153565"
"1600000US0643000","Long Beach city, California","519300","8189"
"1600000US0650258","Napa city, California","581100","7386"
"1600000US0604772","Beckwourth CDP, California","283300","35130"
"1600000US0670322","Saticoy CDP, California","431300","65420"
"1600000US0683460","Warm Springs CDP, California","168300","66211"
"1600000US0630987","Greenfield CDP, California","153400","54919"
"1600000US0648256","Mission Viejo city, California","668800","6522"
"1600000US0613985","Clearlake Riviera CDP, California","207100","24764"
"1600000US0616420","Coronita CDP, California","393500","32588"
"1600000US0620032","Ducor CDP, California","100000","9215"
"1600000US0633056","Healdsburg city, California","674600","26075"
"1600000US0631099","Green Valley CDP (Solano County), California","705600","49204"
"1600000US0685086","Whitehawk CDP, California","441700","127406"
"1600000US0655296","Palo Cedro CDP, California","331400","37456"
"1600000US0639735","Lake Sherwood CDP, California","1822100","359868"
"1600000US0672478","Soda Bay CDP, California","220800","33131"
"1600000US0612328","Cedarville CDP, California","117000","20197"
"1600000US0636490","Industry city, California","433300","45180"
"1600000US0617946","Dana Point city, California","861600","27661"
"1600000US0610088","Cambrian Park CDP, California","1224100","214197"
"1600000US0658758","Princeton CDP, California","154800","59775"
"1600000US0678120","Temecula city, California","424100","4968"
"1600000US0646660","Mecca CDP, California","155000","7633"
"1600000US0673710","Springville CDP, California","160600","28694"
"1600000US0662490","Rodeo CDP, California","431800","14978"
"1600000US0670588","Scotts Valley city, California","789900","38623"
"1600000US0678232","Terminous CDP, California","172000","25655"
"1600000US0638548","Kings Beach CDP, California","450000","62987"
"1600000US0668252","San Mateo city, California","1007200","22607"
"1600000US0618324","Deer Park CDP, California","1035700","315432"
"1600000US0639290","La Habra city, California","505800","17156"
"1600000US0624960","Forestville CDP, California","482900","51322"
"1600000US0647164","Mettler CDP, California","135900","20205"
"1600000US0646618","Meadow Valley CDP, California","257400","28408"
"1600000US0683668","Watsonville city, California","434900","14694"
"1600000US0606475","Big Bend CDP, California","121600","46786"
"1600000US0661096","Riverdale CDP, California","159400","10771"
"1600000US0668140","San Lucas CDP, California","224100","16784"
"1600000US0623294","Fair Oaks CDP, California","448600","13076"
"1600000US0633364","Hermosa Beach city, California","1357300","132178"
"1600000US0640526","Las Flores CDP (Orange County), California","779600","30425"
"1600000US0677700","Tahoe Vista CDP, California","605600","113141"
"1600000US0628182","Garden Acres CDP, California","153900","8779"
"1600000US0681554","Vacaville city, California","391100","6212"
"1600000US0606728","Biola CDP, California","145500","18381"
"1600000US0616035","Concow CDP, California","196600","59488"
"1600000US0604982","Bellflower city, California","436200","6877"
"1600000US0618674","Del Rey CDP, California","176100","42488"
"1600000US0614190","Cloverdale city, California","445000","20066"
"1600000US0651574","Nord CDP, California","257400","120472"
"1600000US0600996","Allendale CDP, California","632100","77900"
"1600000US0662546","Rohnert Park city, California","415300","12667"
"1600000US0612132","Cayucos CDP, California","706600","49463"
"1600000US0623973","Fetters Hot Springs-Agua Caliente CDP, California","549600","53629"
"1600000US0632562","Hayfork CDP, California","299600","68463"
"1600000US0678162","Templeton CDP, California","505600","51866"
"1600000US0608310","Brisbane city, California","872700","54591"
"1600000US0618086","Davenport CDP, California","742200","167642"
"1600000US0683374","Walnut Grove CDP, California","436800","70915"
"1600000US0641474","Lincoln city, California","416800","8072"
"1600000US0630560","Graeagle CDP, California","329400","55573"
"1600000US0646842","Menifee city, California","314700","4618"
"1600000US0622230","El Monte city, California","427400","6422"
"1600000US0668014","San Juan Bautista city, California","546500","60819"
"1600000US0607946","Bradbury city, California","1691000","245117"
"1600000US0631260","Gridley city, California","181100","15242"
"1600000US0606935","Blacklake CDP, California","716000","171515"
"1600000US0687042","Yucaipa city, California","312700","10775"
"1600000US0645736","Maricopa city, California","68200","24317"
"1600000US0638310","Kernville CDP, California","225000","36750"
"1600000US0609324","Butte Valley CDP, California","391700","100961"
"1600000US0683262","Walker CDP, California","233300","31077"
"1600000US0660900","Rio Dell city, California","197800","25547"
"1600000US0678470","Thermalito CDP, California","151300","13270"
"1600000US0614288","Coarsegold CDP, California","281500","71470"
"1600000US0621034","East Rancho Dominguez CDP, California","332800","12303"
"1600000US0667042","San Gabriel city, California","659500","15569"
"1600000US0683948","Weldon CDP, California","91300","26939"
"1600000US0660018","Redondo Beach city, California","875000","17649"
"1600000US0606635","Big River CDP, California","89200","25009"
"1600000US0683346","Walnut Creek city, California","758500","17715"
"1600000US0640886","Lawndale city, California","476500","27234"
"1600000US0682815","Vincent CDP, California","406500","11270"
"1600000US0612818","Cherokee CDP, California","281300","209256"
"1600000US0621782","El Centro city, California","182300","10737"
"1600000US0659514","Rancho Palos Verdes city, California","1114800","21128"
"1600000US0680560","Trowbridge CDP, California","313300","85239"
"1600000US0610270","Camino CDP, California","403700","40047"
"1600000US0663218","Rowland Heights CDP, California","618000","10817"
"1600000US0620438","Earlimart CDP, California","131300","12396"
"1600000US0646814","Mendocino CDP, California","668500","557578"
"1600000US0640130","Lancaster city, California","242100","5734"
"1600000US0613560","Citrus CDP, California","402300","14828"
"1600000US0655058","Pala CDP, California","266700","84163"
"1600000US0648147","Mission Canyon CDP, California","1147600","178810"
"1600000US0642202","Lodi city, California","294000","7158"
"1600000US0610044","Camanche Village CDP, California","271500","53181"
"1600000US0612552","Cerritos city, California","660800","6501"
"1600000US0624750","Forbestown CDP, California","206600","167698"
"1600000US0637596","Junction City CDP, California","323500","45651"
"1600000US0637624","June Lake CDP, California","356900","152086"
"1600000US0616742","Covina city, California","467400","6835"
"1600000US0639283","Lagunitas-Forest Knolls CDP, California","748300","112708"
"1600000US0604030","Barstow city, California","107100","6808"
"1600000US0668112","San Lorenzo CDP, California","545200","14596"
"1600000US0672380","Smith River CDP, California","260000","189457"
"1600000US0657582","Planada CDP, California","132100","11314"
"1600000US0620984","East Pasadena CDP, California","721000","27862"
"1600000US0652760","Oak Hills CDP, California","340200","24681"
"1600000US0672688","Soquel CDP, California","663100","44579"
"1600000US0649852","Mount Shasta city, California","255300","26323"
"1600000US0608142","Brentwood city, California","543900","11570"
"1600000US0643126","Lookout CDP, California","483300","372563"
"1600000US0646338","Maxwell CDP, California","168800","56440"
"1600000US0619612","Dos Palos city, California","183500","34220"
"1600000US0667070","San Geronimo CDP, California","824600","176482"
"1600000US0610676","Camptonville CDP, California","225000","106651"
"1600000US0649628","Mountain Ranch CDP, California","335500","69413"
"1600000US0642104","Lockeford CDP, California","327900","34511"
"1600000US0618590","Del Monte Forest CDP, California","1210400","105984"
"1600000US0634428","Honcut CDP, California","169700","32774"
"1600000US0639556","Lake Hughes CDP, California","254500","88743"
"1600000US0629252","Gazelle CDP, California","112500","36010"
"1600000US0634246","Holtville city, California","162200","9961"
"1600000US0638024","Kelly Ridge CDP, California","183200","36771"
"1600000US0607414","Bonita CDP, California","635900","22584"
"1600000US0642510","Lompico CDP, California","488000","61399"
"1600000US0672086","Sisquoc CDP, California","272200","24983"
"1600000US0671225","Shasta Lake city, California","175600","9009"
"1600000US0639220","Laguna Hills city, California","688200","20756"
"1600000US0670686","Seal Beach city, California","358700","23216"
"1600000US0638520","King City city, California","247100","17980"
"1600000US0621565","Edna CDP, California","658300","545558"
"1600000US0645806","Marina del Rey CDP, California","598800","307563"
"1600000US0622020","Elk Grove city, California","377800","3648"
"1600000US0640004","La Mesa city, California","491900","9060"
"1600000US0616210","Copperopolis CDP, California","301700","41787"
"1600000US0609864","Calimesa city, California","203800","22935"
"1600000US0619220","Diamond Springs CDP, California","277400","20519"
"1600000US0658506","Potter Valley CDP, California","424200","35703"
"1600000US0673388","South Taft CDP, California","103500","36786"
"1600000US0665000","San Bernardino city, California","225700","3902"
"1600000US0612048","Cathedral City city, California","259900","6030"
"1600000US0678148","Temple City city, California","694000","13992"
"1600000US0668238","San Martin CDP, California","925600","44520"
"1600000US0671568","Shingletown CDP, California","189900","32241"
"1600000US0607578","Boronda CDP, California","271700","62304"
"1600000US0608172","Bret Harte CDP, California","112700","19613"
"1600000US0649558","Mountain Gate CDP, California","117400","37686"
"1600000US0666070","San Dimas city, California","547500","22210"
"1600000US0640326","La Presa CDP, California","389500","11231"
"1600000US0611796","Castaic CDP, California","516600","16939"
"1600000US0685586","Williams city, California","197600","36644"
"1600000US0651000","Newcastle CDP, California","293100","78967"
"1600000US0601010","Allensworth CDP, California","84600","10929"
"1600000US0682852","Vineyard CDP, California","367000","7191"
"1600000US0665028","San Bruno city, California","839000","19915"
"1600000US0654120","Orcutt CDP, California","392200","8675"
"1600000US0618986","Desert Edge CDP, California","41600","8222"
"1600000US0611194","Carlsbad city, California","770100","15952"
"1600000US0664210","Salida CDP, California","278200","13759"
"1600000US0656784","Petaluma city, California","600900","10006"
"1600000US0621796","El Cerrito city, California","744600","20490"
"1600000US0663386","Ruth CDP, California","300000","127220"
"1600000US0626028","French Camp CDP, California","244800","46411"
"1600000US0602868","Arroyo Grande city, California","552300","27931"
"1600000US0607246","Bodega CDP, California","1506200","1342232"
"1600000US0662625","Rolling Hills CDP, California","365800","17815"
"1600000US0659220","Rail Road Flat CDP, California","236500","63839"
"1600000US0655086","Palermo CDP, California","204700","30586"
"1600000US0629392","Gerber CDP, California","111300","20362"
"1600000US0656112","Patterson city, California","285800","15801"
"1600000US0634281","Home Garden CDP, California","102700","16472"
"1600000US0621096","East San Gabriel CDP, California","732800","26360"
"1600000US0668154","San Luis Obispo city, California","617200","17956"
"1600000US0639484","Lake Don Pedro CDP, California","220400","30618"
"1600000US0680364","Tres Pinos CDP, California","758200","123573"
"1600000US0600562","Alameda city, California","797300","20751"
"1600000US0604938","Bell Canyon CDP, California","1452400","163897"
"1600000US0621936","El Granada CDP, California","981400","90855"
"1600000US0622510","El Verano CDP, California","624100","89465"
"1600000US0683626","Waterloo CDP, California","387900","296038"
"1600000US0613392","Chula Vista city, California","465000","5369"
"1600000US0648046","Mira Monte CDP, California","551700","36441"
"1600000US0671372","Shelter Cove CDP, California","401500","59398"
"1600000US0641936","Live Oak city, California","189300","14036"
"1600000US0675280","Strathmore CDP, California","88200","43401"
"1600000US0602476","Arcata city, California","333600","11674"
"1600000US0636980","Jackson city, California","251400","22417"
"1600000US0648872","Monterey city, California","764400","36621"
"1600000US0686328","Woodland city, California","345000","6275"
"1600000US0657876","Point Arena city, California","406300","155864"
"1600000US0653116","Oak Park CDP, California","734800","34879"
"1600000US0654388","Oroville East CDP, California","225300","15414"
"1600000US0647724","Millville CDP, California","391700","69023"
"1600000US0619584","Dorris city, California","106000","10237"
"1600000US0617722","Cutten CDP, California","296000","30658"
"1600000US0633549","Hidden Valley Lake CDP, California","286600","20329"
"1600000US0641040","Le Grand CDP, California","150900","12395"
"1600000US0640928","Laytonville CDP, California","315900","103906"
"1600000US0620956","East Palo Alto city, California","704500","46399"
"1600000US0668196","San Marcos city, California","494400","10201"
"1600000US0636910","Ivanhoe CDP, California","130400","36095"
"1600000US0653490","Olancha CDP, California","198100","89509"
"1600000US0633504","Hickman CDP, California","211100","75569"
"1600000US0665084","San Clemente city, California","881000","17055"
"1600000US0668266","San Miguel CDP (San Luis Obispo County), California","306200","54014"
"1600000US0623168","Fairfax town, California","820000","37202"
"1600000US0602168","Angwin CDP, California","674300","115500"
"1600000US0618030","Darwin CDP, California","31500","18099"
"1600000US0673612","Spreckels CDP, California","564000","247434"
"1600000US0651392","Niland CDP, California","73100","22106"
"1600000US0604734","Bear Valley Springs CDP, California","298900","22430"
"1600000US0639496","Lake Forest city, California","621000","10504"
"1600000US0639612","Lake Los Angeles CDP, California","157800","9661"
"1600000US0672282","Smartsville CDP, California","162500","100541"
"1600000US0650734","Needles city, California","86500","19011"
"1600000US0658352","Portola city, California","155800","30193"
"1600000US0631708","Half Moon Bay city, California","917500","48242"
"1600000US0642230","Lodoga CDP, California","104200","65123"
"1600000US0630944","Green Acres CDP, California","190100","45933"
"1600000US0634392","Homestead Valley CDP, California","121800","26576"
"1600000US0680266","Tranquillity CDP, California","181300","85283"
"1600000US0630703","Granite Hills CDP, California","606700","46510"
"1600000US0617610","Cupertino city, California","1584600","30482"
"1600000US0653266","Occidental CDP, California","607600","144728"
"1600000US0647332","Middletown CDP, California","348400","56482"
"1600000US0632030","Happy Camp CDP, California","152500","42577"
"1600000US0607172","Bluewater CDP, California","28300","8933"
"1600000US0610074","Cambria CDP, California","630600","19105"
"1600000US0645092","Mad River CDP, California","192000","150070"
"1600000US0673700","Spring Valley Lake CDP, California","275100","13093"
"1600000US0617106","Crest CDP, California","445400","35952"
"1600000US0612146","Cazadero CDP, California","435500","53412"
"1600000US0649270","Moreno Valley city, California","287300","3731"
"1600000US0657568","Plainview CDP, California","75500","14099"
"1600000US0632385","Hasley Canyon CDP, California","836400","70529"
"1600000US0636350","Independence CDP, California","167700","12862"
"1600000US0610816","Cantua Creek CDP, California","119800","30122"
"1600000US0675252","Stratford CDP, California","143300","32477"
"1600000US0670154","Santa Venetia CDP, California","740100","53667"
"1600000US0670130","Santa Rosa Valley CDP, California","1150200","68871"
"1600000US0630282","Golden Hills CDP, California","255700","22615"
"1600000US0613077","Chilcoot-Vinton CDP, California","67500","38472"
"1600000US0657825","Pleasure Point CDP, California","808000","84051"
"1600000US0646646","Mead Valley CDP, California","261500","25065"
"1600000US0683724","Waukena CDP, California","214300","142598"
"1600000US0657828","Plumas Eureka CDP, California","342200","75592"
"1600000US0638394","Kettleman City CDP, California","159500","74477"
"1600000US0659290","Raisin City CDP, California","195800","176227"
"1600000US0613854","Clay CDP, California","486400","46723"
"1600000US0641282","Lexington Hills CDP, California","882900","59150"
"1600000US0616560","Cotati city, California","485800","30605"
"1600000US0617372","Crowley Lake CDP, California","531600","105086"
"1600000US0620242","Dunsmuir city, California","163300","10818"
"1600000US0601360","Alta Sierra CDP, California","363000","20283"
"1600000US0646898","Merced city, California","212100","9062"
"1600000US0640256","La Palma city, California","634900","8723"
"1600000US0648641","Mono Vista CDP, California","233400","16856"
"1600000US0614302","Cobb CDP, California","259300","21880"
"1600000US0601444","Alturas city, California","90000","13788"
"1600000US0677000","Sunnyvale city, California","1111800","17921"
"1600000US0603064","Atascadero city, California","471900","16509"
"1600000US0639514","Lakehead CDP, California","209200","32241"
"1600000US0673167","South Monrovia Island CDP, California","437900","16664"
"1600000US0648186","Mission Hills CDP, California","396400","34736"
"1600000US0684732","West Point CDP, California","196900","97446"
"1600000US0664476","San Ardo CDP, California","218800","154628"
"1600000US0628168","Gardena city, California","441900","8793"
"1600000US0679529","Toro Canyon CDP, California","1453500","390095"
"1600000US0608100","Brea city, California","635400","8800"
"1600000US0607372","Bombay Beach CDP, California","44300","9830"
"1600000US0661068","Riverbank city, California","274800","7195"
"1600000US0652715","Oak Glen CDP, California","779500","127571"
"1600000US0616644","Coulterville CDP, California","158200","62029"
"1600000US0684606","Westmorland city, California","110800","13509"
"1600000US0673262","South San Francisco city, California","784800","17569"
"1600000US0680896","Tuttletown CDP, California","235700","95177"
"1600000US0664434","San Anselmo town, California","1039000","48796"
"1600000US0620900","East Nicolaus CDP, California","322500","90372"
"1600000US0649362","Morro Bay city, California","582400","31449"
"1600000US0681638","Valinda CDP, California","424300","7108"
"1600000US0654764","Pacheco CDP, California","128500","60348"
"1600000US0672338","Smith Corner CDP, California","167000","64261"
"1600000US0657244","Pine Mountain Lake CDP, California","310600","31317"
"1600000US0659426","Rancho Calaveras CDP, California","260300","24950"
"1600000US0655520","Paradise town, California","218400","12738"
"1600000US0641656","Lindcove CDP, California","193200","47601"
"1600000US0686076","Winton CDP, California","154300","12160"
"1600000US0617498","Cudahy city, California","405400","32946"
"1600000US0624722","Foothill Farms CDP, California","225200","7712"
"1600000US0613210","Chino city, California","433700","5793"
"1600000US0629350","Georgetown CDP, California","281400","33409"
"1600000US0600884","Alhambra city, California","582600","9058"
"1600000US0647794","Mineral CDP, California","168200","15745"
"1600000US0630658","Grand Terrace city, California","301300","15470"
"1600000US0680966","Twain Harte CDP, California","320000","29309"
"1600000US0648718","Montalvin Manor CDP, California","308700","67666"
"1600000US0670882","Selma city, California","174500","8836"
"1600000US0673962","Stanton city, California","360800","13653"
"1600000US0622454","El Sobrante CDP (Contra Costa County), California","460200","22603"
"1600000US0620907","East Oakdale CDP, California","586900","37406"
"1600000US0605108","Belmont city, California","1383700","94833"
"1600000US0672520","Soledad city, California","330500","20798"
"1600000US0683850","Weed city, California","125400","20225"
"1600000US0658870","Prunedale CDP, California","506200","34840"
"1600000US0641712","Lindsay city, California","140800","11284"
"1600000US0620018","Dublin city, California","824800","15104"
"1600000US0603274","Avalon city, California","707300","139624"
"1600000US0650076","Murrieta city, California","390800","7446"
"1600000US0634540","Hoopa CDP, California","207000","37179"
"1600000US0639690","Lake of the Pines CDP, California","388900","21942"
"1600000US0655380","Palos Verdes Estates city, California","1680600","96187"
"1600000US0607064","Bloomington CDP, California","246100","10473"
"1600000US0633294","Herald CDP, California","456100","41676"
"1600000US0645820","Marin City CDP, California","669600","55448"
"1600000US0669154","Santa Fe Springs city, California","430800","8685"
"1600000US0612062","Catheys Valley CDP, California","340800","73607"
"1600000US0657372","Piru CDP, California","318500","21443"
"1600000US0624764","Ford City CDP, California","126200","14980"
"1600000US0642370","Loma Linda city, California","344300","15641"
"1600000US0685446","Wildomar city, California","331100","8586"
"1600000US0655254","Palm Springs city, California","367900","8856"
"1600000US0666000","San Diego city, California","569100","3720"
"1600000US0623210","Fairmead CDP, California","188400","56272"
"1600000US0612669","Channel Islands Beach CDP, California","825900","111241"
"1600000US0631470","Guerneville CDP, California","441600","36985"
"1600000US0614554","College City CDP, California","246400","91416"
"1600000US0621894","Eldridge CDP, California","747100","151708"
"1600000US0601276","Alta CDP, California","368800","82608"
"1600000US0616580","Coto de Caza CDP, California","983200","30655"
"1600000US0613294","Chowchilla city, California","205200","23417"
"1600000US0686972","Yuba City city, California","258300","8113"
"1600000US0680280","Traver CDP, California","126400","45155"
"1600000US0665070","San Carlos city, California","1502300","44683"
"1600000US0672772","Soulsbyville CDP, California","265800","59439"
"1600000US0670000","Santa Monica city, California","1242100","62964"
"1600000US0686244","Woodcrest CDP, California","475300","18890"
"1600000US0656028","Pasatiempo CDP, California","1043500","144967"
"1600000US0606434","Big Bear Lake city, California","390200","25328"
"1600000US0648914","Monterey Park city, California","593300","11887"
"1600000US0603209","August CDP, California","127800","23153"
"1600000US0610928","Canyon Lake city, California","441200","24471"
"1600000US0605290","Benicia city, California","557600","14612"
"1600000US0607162","Blue Lake city, California","293400","48700"
"1600000US0684816","West Sacramento city, California","329700","9069"
"1600000US0638422","Keyes CDP, California","185000","37150"
"1600000US0657834","Plymouth city, California","227400","37407"
"1600000US0640410","La Riviera CDP, California","274800","7397"
"1600000US0606560","Biggs city, California","189200","14394"
"1600000US0622594","Emeryville city, California","479600","18443"
"1600000US0649651","Mountain View CDP, California","382800","56081"
"1600000US0603708","Ballico CDP, California","187500","125755"
"1600000US0621230","Eastvale city, California","547800","9888"
"1600000US0677595","Taft Mosswood CDP, California","188300","52901"
"1600000US0602294","Anza CDP, California","163500","23463"
"1600000US0609332","Buttonwillow CDP, California","120100","7893"
"1600000US0671078","Seville CDP, California","106300","39230"
"1600000US0648690","Montague city, California","129100","18512"
"1600000US0644168","Los Olivos CDP, California","905400","68799"
"1600000US0678126","Temelec CDP, California","459100","67691"
"1600000US0673794","Squaw Valley CDP, California","209200","23264"
"1600000US0612524","Ceres city, California","250900","8313"
"1600000US0614442","Cohasset CDP, California","235000","96277"
"1600000US0638114","Kentfield CDP, California","1885200","126279"
"1600000US0615044","Compton city, California","319800","7150"
"1600000US0680686","Tulelake city, California","81600","11746"
"1600000US0646926","Meridian CDP, California","220000","50051"
"1600000US0654652","Oxnard city, California","427900","5194"
"1600000US0610301","Camino Tassajara CDP, California","1226300","73224"
"1600000US0611656","Casa Conejo CDP, California","565000","24119"
"1600000US0641152","Lemoore city, California","213400","7235"
"1600000US0651637","North Auburn CDP, California","339800","21879"
"1600000US0627130","Fruitridge Pocket CDP, California","174100","17492"
"1600000US0660970","Rio Oso CDP, California","376600","27316"
"1600000US0652624","Nuevo CDP, California","288700","19066"
"1600000US0641208","Leona Valley CDP, California","434600","28649"
"1600000US0645006","McSwain CDP, California","425900","25302"
"1600000US0649138","Moorpark city, California","621200","14958"
"1600000US0621188","East Sonora CDP, California","227500","70863"
"1600000US0639710","Lakeport city, California","222900","44868"
"1600000US0622412","El Segundo city, California","969700","46680"
"1600000US0622457","El Sobrante CDP (Riverside County), California","492800","29438"
"1600000US0637022","Jacumba CDP, California","135800","12954"
"1600000US0670364","Sausalito city, California","1272700","107571"
"1600000US0683863","Weedpatch CDP, California","98800","21515"
"1600000US0610046","Camarillo city, California","578100","8501"
"1600000US0660706","Ridgemark CDP, California","602700","18425"
"1600000US0662896","Rosemead city, California","534200","15145"
"1600000US0678960","Topanga CDP, California","1020600","69562"
"1600000US0678106","Tehama city, California","153100","33591"
"1600000US0678050","Tecopa CDP, California","64100","23839"
"1600000US0664000","Sacramento city, California","313400","4106"
"1600000US0636826","Irwindale city, California","398900","24293"
"1600000US0657792","Pleasanton city, California","933500","10025"
"1600000US0629504","Gilroy city, California","636200","11448"
"1600000US0633574","Highgrove CDP, California","351400","36985"
"1600000US0678092","Tehachapi city, California","196400","15279"
"1600000US0644242","Los Ranchos CDP, California","932100","50882"
"1600000US0625086","Fort Dick CDP, California","335800","141335"
"1600000US0631960","Hanford city, California","211900","5705"
"1600000US0671414","Sheridan CDP, California","276500","107464"
"1600000US0674172","Stinson Beach CDP, California","1678300","286846"
"1600000US0610042","Camanche North Shore CDP, California","234500","32708"
"1600000US0618940","Descanso CDP, California","366300","34579"
"1600000US0651990","North Lakeport CDP, California","216700","28455"
"1600000US0636056","Huntington Park city, California","377200","10895"
"1600000US0651812","North Edwards CDP, California","57900","37549"
"1600000US0634928","Humboldt Hill CDP, California","246800","24093"
"1600000US0662644","Rolling Hills Estates city, California","1229300","52661"
"1600000US0633308","Hercules city, California","510000","21510"
"1600000US0617288","Cromberg CDP, California","233800","62690"
"1600000US0608058","Brawley city, California","169600","9201"
"1600000US0659052","Quartz Hill CDP, California","309400","13620"
"1600000US0638562","Kingsburg city, California","259800","18296"
"1600000US0685642","Willow Creek CDP, California","280200","64199"
"1600000US0662168","Robbins CDP, California","187500","49974"
"1600000US0681722","Valley Acres CDP, California","113400","8181"
"1600000US0629112","Garnet CDP, California","123000","37546"
"1600000US0621810","El Cerrito CDP, California","446300","34250"
"1600000US0686174","Wofford Heights CDP, California","109500","31453"
"1600000US0681967","Val Verde CDP, California","327600","17473"
"1600000US0677378","Sutter CDP, California","223100","16160"
"1600000US0685600","Willits city, California","231200","26969"
"1600000US0656546","Penryn CDP, California","495400","160879"
"1600000US0634120","Hollister city, California","445000","7295"
"1600000US0631393","Grover Beach city, California","464000","18908"
"1600000US0647486","Millbrae city, California","1230900","36984"
"1600000US0632340","Hartley CDP, California","546000","59554"
"1600000US0600674","Albany city, California","812800","37501"
"1600000US0609878","Calipatria city, California","132200","26816"
"1600000US0625300","Fort Washington CDP, California","575800","145560"
"1600000US0659248","Rainbow CDP, California","445600","40577"
"1600000US0631302","Grizzly Flats CDP, California","227400","31557"
"1600000US0657414","Pismo Beach city, California","689900","46539"
"1600000US0601514","Amador City city, California","295000","120763"
"1600000US0683570","Washington CDP, California","137500","72981"
"1600000US0609710","Calexico city, California","196500","11066"
"1600000US0671964","Silver Lakes CDP, California","221700","9453"
"1600000US0656868","Philo CDP, California","363900","278019"
"1600000US0621292","East Whittier CDP, California","549800","22767"
"1600000US0686482","Woodville CDP, California","103000","14067"
"1600000US0608478","Brookdale CDP, California","649600","55827"
"1600000US0647066","Mesa Verde CDP, California","49700","46925"
"1600000US0656798","Peters CDP, California","442000","70264"
"1600000US0662860","Rose Hills CDP, California","562300","58455"
"1600000US0684592","Westmont CDP, California","385000","14912"
"1600000US0673220","South Pasadena city, California","985000","36743"
"1600000US0631890","Hamilton City CDP, California","171300","19096"
"1600000US0671554","Shingle Springs CDP, California","488200","42809"
"1600000US0636084","Huron city, California","153800","44666"
"1600000US0645484","Manteca city, California","352700","6564"
"1600000US0619570","Dorrington CDP, California","339600","85657"
"1600000US0639892","Lakewood city, California","524600","10683"
"1600000US0651924","North Highlands CDP, California","197200","9654"
"1600000US0606518","Big Creek CDP, California","322700","140638"
"1600000US0660984","Rio Vista city, California","322400","14755"
"1600000US0608968","Burbank CDP, California","666700","37158"
"1600000US0681708","Valle Vista CDP, California","157500","19007"
"1600000US0664308","Salton Sea Beach CDP, California","58100","16068"
"1600000US0617050","Crescent Mills CDP, California","214500","33784"
"1600000US0614498","Colfax city, California","257700","21272"
"1600000US0668084","San Leandro city, California","543100","10634"
"1600000US0678890","Tomales CDP, California","557000","106446"
"1600000US0611978","Castroville CDP, California","352100","45973"
"1600000US0636613","Interlaken CDP, California","506300","49065"
"1600000US0656120","Patterson Tract CDP, California","196100","109867"
"1600000US0611446","Carpinteria city, California","671300","44075"
"1600000US0645022","Madera city, California","202300","10359"
"1600000US0626067","French Valley CDP, California","406900","9132"
"1600000US0606000","Berkeley city, California","938400","15001"
"1600000US0647822","Minkler CDP, California","356700","112756"
"1600000US0625058","Fort Bragg city, California","329900","19286"
"1600000US0611754","Casmalia CDP, California","172500","161838"
"1600000US0622804","Escondido city, California","423000","7998"
"1600000US0651168","New Pine Creek CDP, California","118800","67754"
"1600000US0637554","Joshua Tree CDP, California","124600","23925"
"1600000US0609066","Burlingame city, California","1709500","59154"
"1600000US0617162","Crestline CDP, California","219400","18104"
"1600000US0684144","West Carson CDP, California","439300","13908"
"1600000US0614232","Clyde CDP, California","386800","48122"
"1600000US0649582","Mountain House CDP, California","557500","22886"
"1600000US0654218","Orick CDP, California","203100","187281"
"1600000US0629154","Gasquet CDP, California","200000","104261"
"1600000US0600135","Acalanes Ridge CDP, California","966400","128637"
"1600000US0636448","Indio city, California","267900","4974"
"1600000US0618695","Del Rio CDP, California","996000","284684"
"1600000US0650874","Nevada City city, California","385500","75938"
"1600000US0639411","Lake Almanor Country Club CDP, California","466300","57301"
"1600000US0644700","McArthur CDP, California","224000","50553"
"1600000US0614736","Colma town, California","679300","45374"
"1600000US0652526","Norwalk city, California","410400","4673"
"1600000US0628014","Fulton CDP, California","779800","700598"
"1600000US0656700","Perris city, California","261000","6445"
"1600000US0608758","Buellton city, California","504200","50087"
"1600000US0604870","Bell city, California","390100","14386"
"1600000US0648298","Mi-Wuk Village CDP, California","264200","37719"
"1600000US0660102","Redwood City city, California","1127100","28845"
"1600000US0621880","El Dorado Hills CDP, California","610900","7026"
"1600000US0608338","Broadmoor CDP, California","757800","64301"
"1600000US0644826","McFarland city, California","158100","5669"
"1600000US0600535","Airport CDP, California","168000","26389"
"1600000US0603330","Avila Beach CDP, California","1044800","360872"
"1600000US0670098","Santa Rosa city, California","490000","7221"
"1600000US0683402","Walnut Park CDP, California","376300","13728"
"1600000US0680238","Tracy city, California","422900","6723"
"1600000US0682842","Vine Hill CDP, California","430500","73905"
"1600000US0616350","Corona city, California","444200","5000"
"1600000US0611390","Carmichael CDP, California","359800","5805"
"1600000US0629000","Garden Grove city, California","519600","8993"
"1600000US0641866","Little River CDP, California","835000","318699"
"1600000US0662756","Romoland CDP, California","314200","44540"
"1600000US0659920","Redding city, California","253700","5184"
"1600000US0680000","Torrance city, California","724700","9823"
"1600000US0618464","Delhi CDP, California","198800","28597"
"1600000US0653896","Ontario city, California","348200","3707"
"1600000US0607316","Bolinas CDP, California","1061300","123166"
"1600000US0620928","Easton CDP, California","175000","35259"
"1600000US0601192","Alpine CDP, California","567800","21213"
"1600000US0638800","Knights Landing CDP, California","175900","59040"
"1600000US0659451","Rancho Cucamonga city, California","473800","6142"
"1600000US0622790","Escalon city, California","315000","24718"
"1600000US0644350","Lower Lake CDP, California","81800","37592"
"1600000US0652246","North San Juan CDP, California","259700","255430"
"1600000US0603316","Avery CDP, California","240800","64112"
"1600000US0604730","Bear Valley CDP (Mariposa County), California","237000","113769"
"1600000US0602462","Arcadia city, California","1068800","29899"
"1600000US0641180","Lennox CDP, California","393100","20027"
"1600000US0609598","Calabasas city, California","1042000","64534"
"1600000US0678568","Thornton CDP, California","308800","66936"
"1600000US0649600","Mountain Mesa CDP, California","139700","85018"
"1600000US0650398","National City city, California","365800","9312"
"1600000US0686678","Yankee Hill CDP, California","148800","60328"
"1600000US0657330","Pioneer CDP, California","275000","34059"
"1600000US0629070","Garey CDP, California","461100","117497"
"1600000US0681890","Valley Springs CDP, California","291500","35419"
"1600000US0671218","Shasta CDP, California","298900","46119"
"1600000US0613588","Citrus Heights city, California","274600","5204"
"1600000US0672184","Sleepy Hollow CDP, California","1767200","322823"
"1600000US0622972","Etna city, California","169400","26588"
"1600000US0645778","Marina city, California","469500","13852"
"1600000US0642412","Loma Rica CDP, California","296600","31258"
"1600000US0672408","Snelling CDP, California","184600","16623"
"1600000US0684116","West Athens CDP, California","425400","14028"
"1600000US0650916","Newark city, California","668700","14671"
"1600000US0673108","South Lake Tahoe city, California","391600","17299"
"1600000US0647766","Milpitas city, California","782300","16089"
"1600000US0636000","Huntington Beach city, California","728200","8772"
"1600000US0619155","Diablo Grande CDP, California","366200","29967"
"1600000US0603820","Banning city, California","222900","6824"
"1600000US0634484","Hood CDP, California","422200","276696"
"1600000US0636126","Hydesville CDP, California","410600","78006"
"1600000US0636616","Inverness CDP, California","913000","95046"
"1600000US0645680","March ARB CDP, California","300000","112618"
"1600000US0680476","Trinity Center CDP, California","170200","105215"
"1600000US0663148","Round Valley CDP, California","393300","77817"
"1600000US0655048","Pajaro Dunes CDP, California","868400","369507"
"1600000US0603694","Ballard CDP, California","902500","61699"
"1600000US0607470","Bonny Doon CDP, California","845600","31171"
"1600000US0671362","Shell Ridge CDP, California","965700","95490"
"1600000US0664420","San Andreas CDP, California","174600","37326"
"1600000US0678582","Thousand Oaks city, California","695400","8075"
"1600000US0646223","Matheny CDP, California","88900","18997"
"1600000US0621558","Edmundson Acres CDP, California","123400","65201"
"1600000US0630345","Gold River CDP, California","481900","18189"
"1600000US0608680","Buckhorn CDP, California","239300","20192"
"1600000US0636868","Isla Vista CDP, California","380900","103978"
"1600000US0645512","Manton CDP, California","454200","189386"
"1600000US0657512","Pixley CDP, California","123100","19867"
"1600000US0607694","Boulevard CDP, California","274600","124646"
"1600000US0643224","Los Alamitos city, California","755000","40243"
"1600000US0602770","Arnold CDP, California","279300","16868"
"1600000US0614218","Clovis city, California","308300","4548"
"1600000US0602980","Ashland CDP, California","464700","25205"
"1600000US0648816","Montebello city, California","466700","9047"
"1600000US0619416","Dobbins CDP, California","307600","246099"
"1600000US0603204","Auburn city, California","418400","20097"
"1600000US0639248","Laguna Niguel city, California","795300","18006"
"1600000US0637106","Jamestown CDP, California","189300","25115"
"1600000US0653070","Oakley city, California","393100","11259"
"1600000US0645414","Manila CDP, California","244800","53941"
"1600000US0651622","Norris Canyon CDP, California","1962700","197082"
"1600000US0647013","Mesa CDP, California","410900","47782"
"1600000US0669182","Santa Margarita CDP, California","452200","125126"
"1600000US0606982","Black Point-Green Point CDP, California","1027200","122953"
"1600000US0668308","San Pasqual CDP, California","861700","45981"
"1600000US0612412","Centerville CDP, California","215400","146861"
"1600000US0678288","Terra Bella CDP, California","154700","52854"
"1600000US0649684","Mountain View Acres CDP, California","196400","18499"
"1600000US0625296","Fortuna city, California","266000","9051"
"1600000US0675315","Strawberry CDP (Marin County), California","1666400","143550"
"1600000US0632506","Hawaiian Gardens city, California","339700","17057"
"1600000US0620284","Dustin Acres CDP, California","144900","30839"
"1600000US0639178","Laguna Beach city, California","1700400","121434"
"1600000US0603512","Baker CDP, California","22900","19286"
"1600000US0613364","Chualar CDP, California","261800","36744"
"1600000US0627014","Friant CDP, California","150400","35222"
"1600000US0665042","San Buenaventura (Ventura) city, California","537200","10135"
"1600000US0603302","Avenal city, California","138900","9986"
"1600000US0622622","Empire CDP, California","141400","35107"
"1600000US0601640","American Canyon city, California","468400","18178"
"1600000US0602000","Anaheim city, California","538700","8298"
"1600000US0611418","Carnelian Bay CDP, California","578500","70667"
"1600000US0684921","West Whittier-Los Nietos CDP, California","421100","9562"
"1600000US0632548","Hawthorne city, California","499200","20561"
"1600000US0609780","California City city, California","113000","7222"
"1600000US0647710","Mill Valley city, California","1510800","120907"
"1600000US0630938","Greenacres CDP, California","220000","12309"
"1600000US0640426","Larkfield-Wikiup CDP, California","545600","40791"
"1600000US0642566","London CDP, California","115500","37766"
"1600000US0658814","Proberta CDP, California","98600","61272"
"1600000US0600786","Alderpoint CDP, California","338500","65368"
"1600000US0685614","Willowbrook CDP, California","296100","15363"
"1600000US0651280","Nicasio CDP, California","1562500","802784"
"1600000US0617078","Cressey CDP, California","209400","165908"
"1600000US0627190","Fuller Acres CDP, California","138600","77105"
"1600000US0614260","Coachella city, California","207300","8002"
"1600000US0656196","Paynes Creek CDP, California","194600","97402"
"1600000US0681344","Upland city, California","489600","7629"
"1600000US0643140","Loomis town, California","370700","26704"
"1600000US0636434","Indian Wells city, California","706800","42731"
"1600000US0645386","Manchester CDP, California","360000","73201"
"1600000US0600898","Alhambra Valley CDP, California","977500","119497"
"1600000US0680812","Turlock city, California","288800","7268"
"1600000US0623350","Fairview CDP, California","606800","20396"
"1600000US0609353","Bystrom CDP, California","150900","22413"
"1600000US0666140","San Fernando city, California","396200","13110"
"1600000US0644399","Lucas Valley-Marinwood CDP, California","891600","44064"
"1600000US0644574","Lynwood city, California","371800","7309"
"1600000US0668028","San Juan Capistrano city, California","678200","33236"
"1600000US0600716","Albion CDP, California","480800","449249"
"1600000US0604716","Bear Valley CDP (Alpine County), California","464300","129425"
"1600000US0621026","East Quincy CDP, California","211000","20362"
"1600000US0682422","Vernon city, California","387500","285242"
"1600000US0682996","Vista city, California","452000","7481"
"1600000US0680994","Twentynine Palms city, California","132200","18109"
"1600000US0626056","French Gulch CDP, California","88200","29765"
"1600000US0609122","Burney CDP, California","146100","11429"
"1600000US0663106","Rough and Ready CDP, California","298600","122119"
"1600000US0663316","Running Springs CDP, California","244600","25456"
"1600000US0637484","Johnstonville CDP, California","203700","21786"
"1600000US0601150","Alondra Park CDP, California","549900","25835"
"1600000US0610256","Cameron Park CDP, California","415500","14126"
"1600000US0682590","Victorville city, California","205300","4878"
"1600000US0655156","Palmdale city, California","254800","4874"
"1600000US0685012","Wheatland city, California","242700","20385"
"1600000US0660704","Ridgecrest city, California","172400","9099"
"1600000US0649180","Morada CDP, California","673700","137719"
"1600000US0670770","Sebastopol city, California","626500","45757"
"1600000US0603526","Bakersfield city, California","240900","2973"
"1600000US0630476","Goshen CDP, California","132700","16577"
"1600000US0652302","North Shore CDP, California","132800","35354"
"1600000US0659346","Ramona CDP, California","457000","19436"
"1600000US0600212","Acton CDP, California","528600","30395"
"1600000US0614890","Colton city, California","233000","11101"
"1600000US0667112","San Jacinto city, California","219300","7293"
"1600000US0640354","La Quinta city, California","386200","13128"
"1600000US0618153","Day Valley CDP, California","883000","76039"
"1600000US0658478","Potrero CDP, California","237500","126545"
"1600000US0619794","Downieville CDP, California","156300","63041"
"1600000US0645232","Malaga CDP, California","140600","40972"
"1600000US0669112","Santa Cruz city, California","803800","20170"
"1600000US0624092","Fillmore city, California","388300","21144"
"1600000US0665112","Sand City city, California","525000","130947"
"1600000US0657260","Pine Valley CDP, California","439900","26669"
"1600000US0673690","Spring Valley CDP (Lake County), California","227000","59031"
"1600000US0654092","Orangevale CDP, California","357100","6286"
"1600000US0637582","Julian CDP, California","377500","61472"
"1600000US0654274","Orland city, California","199600","20774"
"1600000US0662000","Riverside city, California","344700","2726"
"1600000US0638065","Kennedy CDP, California","151800","46336"
"1600000US0614708","Collierville CDP, California","389700","75176"
"1600000US0612860","Cherokee Strip CDP, California","102500","67248"
"1600000US0681736","Valley Center CDP, California","577600","26502"
"1600000US0602042","Anderson city, California","181400","14507"
"1600000US0686216","Woodacre CDP, California","841900","81465"
"1600000US0658296","Port Hueneme city, California","385900","25157"
"1600000US0617022","Crescent City city, California","158200","27393"
"1600000US0653505","Old Fig Garden CDP, California","335300","24043"
"1600000US0619024","Desert Shores CDP, California","48100","30316"
"1600000US0685684","Willows city, California","214100","17248"
"1600000US0659896","Red Corral CDP, California","281800","23553"
"1600000US0686832","Yorba Linda city, California","829700","15357"
"1600000US0633633","Highlands-Baywood Park CDP, California","1582300","76074"
"1600000US0659962","Redlands city, California","372600","8222"
"1600000US0687056","Yucca Valley town, California","168400","6838"
"1600000US0651140","Newman city, California","213800","46152"
"1600000US0639486","Lake Elsinore city, California","333600","6885"
"1600000US0662700","Rollingwood CDP, California","317500","38184"
"1600000US0653000","Oakland city, California","627800","8326"
"1600000US0622846","Esparto CDP, California","259200","38044"
"1600000US0657526","Placentia city, California","609400","8472"
"1600000US0620598","East Foothills CDP, California","844500","29612"
"1600000US0644364","Loyalton city, California","115200","21662"
"1600000US0616434","Corralitos CDP, California","898700","76206"
"1600000US0675154","Stonyford CDP, California","212500","146360"
"1600000US0636294","Imperial Beach city, California","488800","20738"
"1600000US0670712","Sea Ranch CDP, California","785900","124356"
"1600000US0632044","Harbison Canyon CDP, California","464100","47096"
"1600000US0684438","Westlake Village city, California","913400","46767"
"1600000US0603205","Auburn Lake Trails CDP, California","382300","39650"
"1600000US0686230","Woodbridge CDP, California","386800","44573"
"1600000US0620802","East Los Angeles CDP, California","375700","5775"
"1600000US0624008","Fieldbrook CDP, California","382500","26086"
"1600000US0639460","Lake California CDP, California","206300","18840"
"1600000US0607525","Bootjack CDP, California","266700","37345"
"1600000US0683085","Vista Santa Rosa CDP, California","223800","47160"
"1600000US0653714","Olivehurst CDP, California","163400","10075"
"1600000US0654232","Orinda city, California","1342100","56046"
"1600000US0664140","St. Helena city, California","928800","79796"
"1600000US0603666","Baldwin Park city, California","380400","5646"
"1600000US0631162","Greenville CDP, California","116700","26873"
"1600000US0623910","Ferndale city, California","393900","28086"
"1600000US0619406","Dixon Lane-Meadow Creek CDP, California","66400","31780"
"1600000US0625030","Fort Bidwell CDP, California","169600","94971"
"1600000US0625436","Fowler city, California","241900","34010"
"1600000US0641142","Lemon Hill CDP, California","160800","7564"
"1600000US0607498","Bonsall CDP, California","690800","53835"
"1600000US0613756","Claremont city, California","645400","10871"
"1600000US0685222","Whitley Gardens CDP, California","471400","51710"
"1600000US0653294","Oceano CDP, California","350700","33399"
"1600000US0644042","Los Berros CDP, California","714700","202851"
"1600000US0636882","Isleton city, California","207800","34123"
"1600000US0624897","Forest Meadows CDP, California","372500","55994"
"1600000US0619724","Douglas City CDP, California","230000","30703"
"1600000US0618394","Delano city, California","172100","4445"
"1600000US0610508","Campo CDP, California","256200","25611"
"1600000US0623826","Felton CDP, California","614700","35678"
"1600000US0622034","Elkhorn CDP, California","454200","41481"
"1600000US0678336","Teviston CDP, California","151300","101611"
"1600000US0639003","La Cañada Flintridge city, California","1404000","60490"
"1600000US0670742","Seaside city, California","445000","15099"
"1600000US0677784","Talmage CDP, California","371100","139217"
"1600000US0664224","Salinas city, California","378000","8377"
"1600000US0645120","Magalia CDP, California","161600","8592"
"1600000US0609346","Byron CDP, California","485900","138622"
"1600000US0607260","Bodega Bay CDP, California","703300","148109"
"1600000US0640592","Las Lomas CDP, California","472300","65211"
"1600000US0624568","Flournoy CDP, California","309100","75403"
"1600000US0682954","Visalia city, California","224100","5186"
"1600000US0617918","Daly City city, California","711800","11571"
"1600000US0678638","Three Rivers CDP, California","315600","38079"
"1600000US0636672","Ione city, California","286100","24290"
"1600000US0673815","Squirrel Mountain Valley CDP, California","231700","22076"
"1600000US0613910","Clear Creek CDP, California","162500","82286"
"1600000US0651182","Newport Beach city, California","1787300","74088"
"1600000US0620228","Dunnigan CDP, California","126900","67093"
"1600000US0645050","Madera Acres CDP, California","220300","9180"
"1600000US0616462","Corte Madera town, California","1175000","49953"
"1600000US0653980","Orange city, California","635500","6809"
"1600000US0610345","Campbell city, California","989600","29889"
"1600000US0673906","Stanford CDP, California","1703700","883783"
"1600000US0612612","Challenge-Brownsville CDP, California","163300","102696"
"1600000US0606210","Bethel Island CDP, California","122300","101675"
"1600000US0620942","East Orosi CDP, California","120000","111076"
"1600000US0639472","Lake City CDP, California","188600","118672"
"1600000US0677960","Tarpey Village CDP, California","204100","13245"
"1600000US0603344","Avocado Heights CDP, California","465600","11552"
"1600000US0659444","Rancho Cordova city, California","278800","4737"
"1600000US0639645","Lake Mathews CDP, California","458800","35321"
"1600000US0673430","South Whittier CDP, California","453900","6119"
"1600000US0686380","Woodlands CDP, California","761800","81168"
"1600000US0675000","Stockton city, California","248000","4196"
"1600000US0602896","Artesia city, California","505300","38222"
"1600000US0620697","East Hemet CDP, California","227000","9732"
"1600000US0617274","Crockett CDP, California","470200","23194"
"1600000US0681204","Union City city, California","688800","13869"
"1600000US0619052","Desert View Highlands CDP, California","204000","33956"
"1600000US0617428","Crows Landing CDP, California","214700","115983"
"1600000US0684345","West Goshen CDP, California","163900","72227"
"1600000US0656826","Phelan CDP, California","207800","20832"
"1600000US0619654","Dos Palos Y CDP, California","155100","60585"
"1600000US0621210","East Tulare Villa CDP, California","175000","88150"
"1600000US0608240","Bridgeport CDP, California","206900","121327"
"1600000US0661124","River Pines CDP, California","157500","68337"
"1600000US0657134","Pine Flat CDP, California","154500","66013"
"1600000US0640830","La Verne city, California","562300","11342"
"1600000US0616630","Cottonwood CDP, California","158000","8179"
"1600000US0677574","Taft city, California","151600","16876"
"1600000US0673868","Stallion Springs CDP, California","270300","22978"
"1600000US0684550","Westminster city, California","581900","7458"
"1600000US0673554","Spaulding CDP, California","253700","53692"
"1600000US0614274","Coalinga city, California","165900","6131"
"1600000US0622300","El Paso de Robles (Paso Robles) city, California","433900","10849"
"1600000US0637692","Jurupa Valley city, California","339400","6010"
"1600000US0652379","North Tustin CDP, California","901100","20339"
"1600000US0630028","Glen Ellen CDP, California","704000","152713"
"1600000US0612916","Cherry Valley CDP, California","253700","28958"
"1600000US0618982","Desert Center CDP, California","113300","7762"
"1600000US0661106","Riverdale Park CDP, California","207700","43212"
"1600000US0642006","Livingston city, California","222400","17507"
"1600000US0680763","Tuolumne City CDP, California","289200","68285"
"1600000US0636452","Indio Hills CDP, California","188900","54483"
"1600000US0616000","Concord city, California","509500","9583"
"1600000US0619192","Diamond Bar city, California","640600","9130"
"1600000US0607512","Boonville CDP, California","358300","37426"
"1600000US0653182","Oak View CDP, California","491400","41444"
"1600000US0641110","Lemon Cove CDP, California","230000","85609"
"1600000US0602553","Arden-Arcade CDP, California","353400","7810"
"1600000US0605276","Bend CDP, California","328000","104346"
"1600000US0672156","Sky Valley CDP, California","144800","40376"
"1600000US0648760","Montara CDP, California","914400","60484"
"1600000US0684774","West Puente Valley CDP, California","413400","9105"
"1600000US0681050","Twin Lakes CDP, California","772700","142859"
"1600000US0649796","Mount Hermon CDP, California","617000","70239"
"1600000US0648648","Monrovia city, California","634300","19439"
"1600000US0658240","Porterville city, California","165100","3519"
"1600000US0603190","Auberry CDP, California","281300","29578"
"1600000US0642146","Lockwood CDP, California","235300","75610"
"1600000US0600947","Aliso Viejo city, California","610600","11989"
"1600000US0641782","Litchfield CDP, California","112500","80974"
"1600000US0670798","Seeley CDP, California","138600","56168"
"1600000US0609834","California Pines CDP, California","86500","17955"
"1600000US0644406","Lucerne CDP, California","119000","39235"
"1600000US0600394","Agoura Hills city, California","772900","33194"
"1600000US0606150","Bertsch-Oceanview CDP, California","130400","49946"
"1600000US0659587","Rancho Santa Margarita city, California","652400","9617"
"1600000US0602812","Aromas CDP, California","609400","45075"
"1600000US0639122","Lafayette city, California","1302900","60473"
"1600000US0654008","Orange Cove city, California","129000","19314"
"1600000US0641194","Lenwood CDP, California","94800","21890"
"1600000US0614450","Cold Springs CDP (El Dorado County), California","277500","175014"
"1600000US0670224","Santee city, California","422700","6360"
"1600000US0648788","Montclair city, California","334500","9471"
"1600000US0624680","Fontana city, California","351700","3789"
"1600000US0668364","San Rafael city, California","873800","16021"
"1600000US0682086","Vandenberg Village CDP, California","362300","17039"
"1600000US0619455","Dollar Point CDP, California","450800","81805"
"1600000US0653476","Ojai city, California","693400","36999"
"1600000US0657070","Pine Canyon CDP, California","329600","22390"
"1600000US0639715","Lake Riverside CDP, California","300500","36077"
"1600000US0609948","Callender CDP, California","677500","96346"
"1600000US0625380","Fountain Valley city, California","688000","9779"
"1600000US0672016","Simi Valley city, California","553800","7390"
"1600000US0644644","Lytle Creek CDP, California","277300","115419"
"1600000US0619022","Desert Palms CDP, California","361200","20531"
"1600000US0671927","Silverado Resort CDP, California","1241700","142111"
"1600000US0619339","Discovery Bay CDP, California","574700","16573"
"1600000US0633000","Hayward city, California","519600","10638"
"1600000US0614406","Coffee Creek CDP, California","407900","139367"
"1600000US0624498","Florin CDP, California","215100","10484"
"1600000US0658072","Pomona city, California","367400","5296"
"1600000US0639836","Lakeview CDP, California","305600","43341"
"1600000US0607848","Boyes Hot Springs CDP, California","533000","48645"
"1600000US0624638","Folsom city, California","488400","6130"
"1600000US0601651","Amesti CDP, California","523800","64563"
"1600000US0638156","Kenwood CDP, California","720200","194875"
"1600000US0656518","Penn Valley CDP, California","318600","124717"
"1600000US0682334","Verdi CDP, California","384500","104389"
"1600000US0601458","Alum Rock CDP, California","591500","23672"
"1600000US0623182","Fairfield city, California","377400","7871"
"1600000US0628000","Fullerton city, California","625800","8911"
"1600000US0636203","Idyllwild-Pine Cove CDP, California","276300","27609"
"1600000US0645932","Mariposa CDP, California","170500","73043"
"1600000US0600296","Adelanto city, California","181600","10464"
"1600000US0617267","C-Road CDP, California","281000","141231"
"1600000US0648592","Monmouth CDP, California","140600","43174"
"1600000US0684385","Westhaven-Moonstone CDP, California","383300","46221"
"1600000US0611614","Caruthers CDP, California","169600","19436"
"1600000US0676040","Sunny Slopes CDP, California","288300","23666"
"1600000US0677588","Taft Heights CDP, California","134100","25964"
"1600000US0623616","Farmersville city, California","143000","9851"
"1600000US0653910","Onyx CDP, California","49200","17385"
"1600000US0634652","Hopland CDP, California","336100","98567"
"1600000US0652694","Oakdale city, California","284500","12363"
"1600000US0669084","Santa Clara city, California","927200","13769"
"1600000US0659115","Rackerby CDP, California","225000","74821"
"1600000US0628154","Garberville CDP, California","361600","119328"
"1600000US0630378","Goleta city, California","783600","19591"
"1600000US0630392","Gonzales city, California","343800","16824"
"1600000US0654372","Orosi CDP, California","134900","16847"
"1600000US0613182","Chinese Camp CDP, California","340000","228132"
"1600000US0669088","Santa Clarita city, California","497500","5435"
"1600000US0602252","Antioch city, California","366100","6379"
"1600000US0647086","Mesa Vista CDP, California","367200","36366"
"1600000US0639259","Laguna Woods city, California","278300","11219"
"1600000US0604415","Bay Point CDP, California","275100","19882"
"1600000US0623126","Exeter city, California","191400","12933"
"1600000US0646170","Marysville city, California","170400","9628"
"1600000US0656756","Pescadero CDP, California","809500","552538"
"1600000US0623000","Eucalyptus Hills CDP, California","547500","40720"
"1600000US0673080","South Gate city, California","375900","5404"
"1600000US0668294","San Pablo city, California","325600","15141"
"1600000US0630798","Grass Valley city, California","305500","22618"
"1600000US0651840","North Fair Oaks CDP, California","868700","41857"
"1600000US0638226","Kerman city, California","208700","16080"
"1600000US0617988","Danville town, California","1043200","24556"
"1600000US0609310","Butte Creek Canyon CDP, California","412100","84227"
"1600000US0663168","Rouse CDP, California","165200","8947"
"1600000US0657240","Pine Mountain Club CDP, California","217200","26955"
"1600000US0684928","Westwood CDP, California","104000","33539"
"1600000US0640088","Lamont CDP, California","123700","9823"
"1600000US0634302","Home Gardens CDP, California","333800","11780"
"1600000US0645358","Mammoth Lakes town, California","375300","63574"
"1600000US0644000","Los Angeles city, California","599700","2809"
"1600000US0687090","Zayante CDP, California","530100","114617"
"1600000US0637120","Jamul CDP, California","663800","32223"
"1600000US0681666","Vallejo city, California","338200","5204"
"1600000US0653322","Oceanside city, California","460100","7253"
"1600000US0656924","Pico Rivera city, California","415100","6339"
"1600000US0681358","Upper Lake CDP, California","228800","70776"
"1600000US0630994","Greenfield city, California","272400","17243"
"1600000US0641558","Lincoln Village CDP, California","254100","20912"
"1600000US0649278","Morgan Hill city, California","799100","19118"
"1600000US0655800","Parkway CDP, California","215600","9472"
"1600000US0617568","Culver City city, California","801200","33374"
"1600000US0656000","Pasadena city, California","737100","13495"
"1600000US0641026","Leggett CDP, California","375000","193379"
"1600000US0625506","Franklin CDP (Sacramento County), California","330000","91932"
"1600000US0684780","West Rancho Dominguez CDP, California","339000","7900"
"1600000US0648480","Mokelumne Hill CDP, California","261400","85621"
"1600000US0613945","Clearlake city, California","96500","13307"
"1600000US0677042","Sunol CDP, California","1104200","162315"
"1600000US0630014","Glendora city, California","562500","11533"
"1600000US0638772","Knightsen CDP, California","723500","91090"
"1600000US0616378","Coronado city, California","1537000","69455"
"1600000US0618352","Del Aire CDP, California","599500","24869"
"1600000US0654806","Pacifica city, California","818100","11743"
"1600000US0658191","Poplar-Cotton Center CDP, California","112500","17973"
"1600000US0622678","Encinitas city, California","913700","17446"
"1600000US0657764","Pleasant Hill city, California","680500","13846"
"1600000US0684680","West Park CDP, California","146900","45228"
"1600000US0633434","Hesperia city, California","219600","4842"
"1600000US0613214","Chino Hills city, California","597400","10313"
"1600000US0677924","Tara Hills CDP, California","413100","30325"
"1600000US0674130","Stevenson Ranch CDP, California","675300","23279"
"1600000US0637918","Keeler CDP, California","26900","17548"
"1600000US0672954","South Dos Palos CDP, California","105400","30770"
"1600000US0638044","Kelseyville CDP, California","150900","67165"
"1600000US0656870","Phoenix Lake CDP, California","362900","38075"
"1600000US0622524","Elverta CDP, California","300200","22741"
"1600000US0611040","Capitola city, California","634400","56592"
"1600000US0684410","West Hollywood city, California","729400","45701"
"1600000US0681652","Vallecito CDP, California","292500","46465"
"1600000US0639885","Lake Wildwood CDP, California","384500","30202"
"1600000US0683542","Wasco city, California","160000","4586"
"1600000US0641572","Linda CDP, California","177900","22584"
"1600000US0669070","Santa Barbara city, California","993600","27137"
"1600000US0604926","Bella Vista CDP, California","289100","35698"
"1600000US0613966","Clearlake Oaks CDP, California","142800","72429"
"1600000US0642328","Loleta CDP, California","229500","40340"
"1600000US0618926","Derby Acres CDP, California","97500","31829"
"1600000US0662938","Roseville city, California","420100","4694"
"1600000US0610032","Calwa CDP, California","115000","10681"
"1600000US0651042","Newell CDP, California","54100","19300"
"1600000US0629420","Geyserville CDP, California","611800","87076"
"1600000US0617727","Cuyama CDP, California","114300","8300"
"1600000US0644112","Los Gatos town, California","1586700","47575"
"1600000US0609150","Burnt Ranch CDP, California","241900","48421"
"1600000US0644182","Los Osos CDP, California","498200","23770"
"1600000US0606028","Bermuda Dunes CDP, California","344400","22195"
"1600000US0611324","Carmel Valley Village CDP, California","889200","84273"
"1600000US0676015","Sunnyside-Tahoe City CDP, California","634000","82417"
"1600000US0684200","West Covina city, California","490000","5515"
"1600000US0611964","Castro Valley CDP, California","692300","13663"
"1600000US0605332","Ben Lomond CDP, California","668500","27025"
"1600000US0646400","Mayfair CDP, California","135300","24277"
"1600000US0649348","Morongo Valley CDP, California","134400","25900"
"1600000US0649950","Muir Beach CDP, California","1129300","154121"
"1600000US0659080","Quincy CDP, California","264700","160703"
"1600000US0621012","East Porterville CDP, California","121700","11622"
"1600000US0600310","Adin CDP, California","128800","53231"
"1600000US0605262","Benbow CDP, California","294800","82468"
"1600000US0648928","Monte Rio CDP, California","415300","48540"
"1600000US0638086","Kensington CDP, California","894200","30319"
"1600000US0670728","Searles Valley CDP, California","57800","8974"
"1600000US0647374","Midpines CDP, California","296500","55336"
"1600000US0677308","Sun Village CDP, California","230900","14934"
"1600000US0677430","Swall Meadows CDP, California","641700","50153"
"1600000US0640340","La Puente city, California","391200","9982"
"1600000US0644140","Los Molinos CDP, California","136300","48759"
"1600000US0607974","Bradley CDP, California","280800","46391"
"1600000US0657456","Pittsburg city, California","356300","7665"
"1600000US0655528","Paradise CDP, California","378000","54426"
"1600000US0678138","Temescal Valley CDP, California","433900","9960"
"1600000US0631883","Hamilton Branch CDP, California","282100","23544"
"1600000US0602382","Aptos Hills-Larkin Valley CDP, California","829600","98290"
"1600000US0640032","La Mirada city, California","516500","13203"
"1600000US0625488","Franklin CDP (Merced County), California","168600","14158"
"1600000US0630693","Granite Bay CDP, California","727800","27799"
"1600000US0663134","Round Mountain CDP, California","127900","86349"
"1600000US0631092","Green Valley CDP (Los Angeles County), California","269200","28961"
"1600000US0607036","Bloomfield CDP, California","776000","612858"
"1600000US0654848","Pacific Grove city, California","825100","26195"
"1600000US0653224","Oasis CDP, California","15400","13731"
"1600000US0611250","Carmel-by-the-Sea city, California","1384000","202831"
"1600000US0648452","Mojave CDP, California","98300","23305"
"1600000US0623042","Eureka city, California","270600","13273"
"1600000US0625534","Frazier Park CDP, California","154700","13452"
"1600000US0655728","Parklawn CDP, California","140500","33811"
"1600000US0625338","Foster City city, California","1153600","23458"
"1600000US0637946","Keene CDP, California","404800","193756"
"1600000US0622328","El Portal CDP, California","245500","33043"
"1600000US0658030","Pollock Pines CDP, California","269200","12526"
"1600000US0655842","Parkwood CDP, California","154400","41238"
"1600000US0682667","View Park-Windsor Hills CDP, California","718900","38584"
"1600000US0677728","Tahoma CDP, California","510600","79722"
"1600000US0601416","Alto CDP, California","1715100","890826"
"1600000US0641992","Livermore city, California","692000","8753"
"1600000US0662826","Rosamond CDP, California","187500","13857"
"1600000US0630686","Grangeville CDP, California","347300","60279"
"1600000US0608828","Buena Vista CDP, California","106400","43632"
"1600000US0671774","Sierra Brooks CDP, California","176300","40394"
"1600000US0654386","Oroville city, California","177000","9672"
"1600000US0649670","Mountain View city, California","1214800","37793"
"1600000US0655618","Paramount city, California","323600","15353"
"1600000US0639670","Lake Nacimiento CDP, California","355800","26098"
"1600000US0631246","Grenada CDP, California","143100","14994"
"1600000US0644420","Lucerne Valley CDP, California","154900","23325"
"1600000US0606567","Big Lagoon CDP, California","350000","268619"
"1600000US0685894","Winchester CDP, California","232100","95341"
"1600000US0607218","Blythe city, California","142600","11654"
"1600000US0685992","Winter Gardens CDP, California","399200","29217"
"1600000US0664462","San Antonio Heights CDP, California","703400","87572"
"1600000US0685292","Whittier city, California","528400","13173"
"1600000US0611768","Caspar CDP, California","448800","132217"
"1600000US0667056","Sanger city, California","192100","8824"
"1600000US0651028","New Cuyama CDP, California","116800","26668"
"1600000US0613784","Clarksburg CDP, California","406600","297551"
